,Village,Block,District
0,Agartoli,Angara,Ranchi
1,Angara,Angara,Ranchi
2,Asri,Angara,Ranchi
3,Badri,Angara,Ranchi
4,Baheya,Angara,Ranchi
5,Bakshidih,Angara,Ranchi
6,Banpur,Angara,Ranchi
7,Barkigorang,Angara,Ranchi
8,Barwadag,Angara,Ranchi
9,Benadag,Angara,Ranchi
10,Berwari,Angara,Ranchi
11,Beti(Benti),Angara,Ranchi
12,Bisa,Angara,Ranchi
13,Bongaibera,Angara,Ranchi
14,Buki,Angara,Ranchi
15,Burhibera,Angara,Ranchi
16,Chaldag,Angara,Ranchi
17,Chatra,Angara,Ranchi
18,Cheldagsoso,Angara,Ranchi
19,Dahua,Angara,Ranchi
20,Dhurleta,Angara,Ranchi
21,Dimra,Angara,Ranchi
22,Dokad,Angara,Ranchi
23,Dumargarhi,Angara,Ranchi
24,Getalsud,Angara,Ranchi
25,Guridih,Angara,Ranchi
26,Gutidih,Angara,Ranchi
27,Hahe,Angara,Ranchi
28,Hapatbera,Angara,Ranchi
29,Haratu,Angara,Ranchi
30,Hesal,Angara,Ranchi
31,Hesatu,Angara,Ranchi
32,Heslabera,Angara,Ranchi
33,Hundru,Angara,Ranchi
34,Id,Angara,Ranchi
35,Ikarhatu,Angara,Ranchi
36,Jamuari,Angara,Ranchi
37,Janum,Angara,Ranchi
38,Jaradih,Angara,Ranchi
39,Jaratoli,Angara,Ranchi
40,Jarga,Angara,Ranchi
41,Jaspur,Angara,Ranchi
42,Jidu,Angara,Ranchi
43,Jonha,Angara,Ranchi
44,Kamta,Angara,Ranchi
45,Kashidih,Angara,Ranchi
46,Koynardih,Angara,Ranchi
47,Kuchu,Angara,Ranchi
48,Ladhuptola,Angara,Ranchi
49,Lalgarh,Angara,Ranchi
50,Lepsar,Angara,Ranchi
51,Lupung,Angara,Ranchi
52,Maheshpur,Angara,Ranchi
53,Malghonghsa,Angara,Ranchi
54,Masniya,Angara,Ranchi
55,Masu,Angara,Ranchi
56,Merha,Angara,Ranchi
57,Mungadih,Angara,Ranchi
58,Musangu,Angara,Ranchi
59,Narayansoso,Angara,Ranchi
60,Nawadih,Angara,Ranchi
61,Nawagarh,Angara,Ranchi
62,Obar(Ober),Angara,Ranchi
63,Orwabera,Angara,Ranchi
64,Pahar Singh,Angara,Ranchi
65,Paika,Angara,Ranchi
66,Pailada Or Nagraberadegadegi,Angara,Ranchi
67,Pertol,Angara,Ranchi
68,Rajadera,Angara,Ranchi
69,Rangamati,Angara,Ranchi
70,Resham,Angara,Ranchi
71,Rupru,Angara,Ranchi
72,Saheda,Angara,Ranchi
73,Salhan,Angara,Ranchi
74,Sarugori,Angara,Ranchi
75,Simaliya,Angara,Ranchi
76,Singari,Angara,Ranchi
77,Sirka,Angara,Ranchi
78,Sitadih,Angara,Ranchi
79,Soso,Angara,Ranchi
80,Sursu,Angara,Ranchi
81,Tati,Angara,Ranchi
82,Turup,Angara,Ranchi
83,Asro,Bero,Ranchi
84,Baid Khijri,Bero,Ranchi
85,Balirampur,Bero,Ranchi
86,Banri,Bero,Ranchi
87,Baridih,Bero,Ranchi
88,Bero,Bero,Ranchi
89,Bhainsadon,Bero,Ranchi
90,Bhasnanda,Bero,Ranchi
91,Bilti,Bero,Ranchi
92,Boda,Bero,Ranchi
93,Chachkapi,Bero,Ranchi
94,Chachkapi,Bero,Ranchi
95,Changani,Bero,Ranchi
96,Chanho,Bero,Ranchi
97,Chankapi,Bero,Ranchi
98,Chapadih,Bero,Ranchi
99,Charma,Bero,Ranchi
100,Childiri,Bero,Ranchi
101,Darsita,Bero,Ranchi
102,Dighiya,Bero,Ranchi
103,Donrkanrriya,Bero,Ranchi
104,Doranda,Bero,Ranchi
105,Dumardon,Bero,Ranchi
106,Dumri,Bero,Ranchi
107,Duru,Bero,Ranchi
108,Garri,Bero,Ranchi
109,Ghaghra,Bero,Ranchi
110,Harhanji,Bero,Ranchi
111,Hariharpur Jamtoli,Bero,Ranchi
112,Hathu,Bero,Ranchi
113,Hulsi,Bero,Ranchi
114,Hutar,Bero,Ranchi
115,Hutri,Bero,Ranchi
116,Irri,Bero,Ranchi
117,Ita,Bero,Ranchi
118,Ita,Bero,Ranchi
119,Jahanabaj,Bero,Ranchi
120,Jamuni,Bero,Ranchi
121,Jariya,Bero,Ranchi
122,Kadojora,Bero,Ranchi
123,Kairo,Bero,Ranchi
124,Karanji,Bero,Ranchi
125,Karge,Bero,Ranchi
126,Karkari,Bero,Ranchi
127,Katarmali,Bero,Ranchi
128,Kerabhita,Bero,Ranchi
129,Kesa,Bero,Ranchi
130,Khanrdiuri,Bero,Ranchi
131,Khatanga,Bero,Ranchi
132,Khirda,Bero,Ranchi
133,Khukhra,Bero,Ranchi
134,Konkre,Bero,Ranchi
135,Kotpali,Bero,Ranchi
136,Kudarko,Bero,Ranchi
137,Lamkara,Bero,Ranchi
138,Madhupur,Bero,Ranchi
139,Mahru,Bero,Ranchi
140,Mahugaon,Bero,Ranchi
141,Makunda,Bero,Ranchi
142,Masiatu,Bero,Ranchi
143,Masu,Bero,Ranchi
144,Muramu,Bero,Ranchi
145,Murto,Bero,Ranchi
146,Nagri,Bero,Ranchi
147,Nari,Bero,Ranchi
148,Narkopi,Bero,Ranchi
149,Nehalukapariya,Bero,Ranchi
150,Paharkanrriya,Bero,Ranchi
151,Pandra,Bero,Ranchi
152,Puriya,Bero,Ranchi
153,Roghadihpatratoli,Bero,Ranchi
154,Rogo,Bero,Ranchi
155,Rora Alias Garhatoli,Bero,Ranchi
156,Semra,Bero,Ranchi
157,Sero,Bero,Ranchi
158,Sijhuwa,Bero,Ranchi
159,Singarsarai,Bero,Ranchi
160,Suartoli,Bero,Ranchi
161,Tengriya,Bero,Ranchi
162,Tengriya,Bero,Ranchi
163,Tero,Bero,Ranchi
164,Tikratoli,Bero,Ranchi
165,Tuko,Bero,Ranchi
166,Tutlo,Bero,Ranchi
167,Alna,Bundu,Ranchi
168,Amjora,Bundu,Ranchi
169,Anredih,Bundu,Ranchi
170,Arradih,Bundu,Ranchi
171,Baghadih,Bundu,Ranchi
172,Bahadih,Bundu,Ranchi
173,Banaburu,Bundu,Ranchi
174,Baredih,Bundu,Ranchi
175,Barkolma,Bundu,Ranchi
176,Baruhatu,Bundu,Ranchi
177,Baruhatu,Bundu,Ranchi
178,Bera,Bundu,Ranchi
179,Besradih,Bundu,Ranchi
180,Bhabhri,Bundu,Ranchi
181,Bhorangadih,Bundu,Ranchi
182,Bhurkunda,Bundu,Ranchi
183,Bichahatu,Bundu,Ranchi
184,Buchadih,Bundu,Ranchi
185,Bundu (NP),Bundu,Ranchi
186,Burhadih,Bundu,Ranchi
187,Burudih,Bundu,Ranchi
188,Chhotkolma,Bundu,Ranchi
189,Chitodih,Bundu,Ranchi
190,Churgi,Bundu,Ranchi
191,Chutru,Bundu,Ranchi
192,Dahudih,Bundu,Ranchi
193,Dalkidih,Bundu,Ranchi
194,Damari,Bundu,Ranchi
195,Dami,Bundu,Ranchi
196,Daruhatu,Bundu,Ranchi
197,Edalhatu,Bundu,Ranchi
198,Erkia,Bundu,Ranchi
199,Gabhreya,Bundu,Ranchi
200,Ghaghrabera,Bundu,Ranchi
201,Gilutikar,Bundu,Ranchi
202,Gosanidih,Bundu,Ranchi
203,Gowaidih,Bundu,Ranchi
204,Gutuhatu,Bundu,Ranchi
205,Haludih,Bundu,Ranchi
206,Hanjed,Bundu,Ranchi
207,Hesapiri,Bundu,Ranchi
208,Hethburhadih,Bundu,Ranchi
209,Huanghatu,Bundu,Ranchi
210,Humta,Bundu,Ranchi
211,Husirhatu,Bundu,Ranchi
212,Jamgami,Bundu,Ranchi
213,Jareya,Bundu,Ranchi
214,Jojoda,Bundu,Ranchi
215,Kadrudih,Bundu,Ranchi
216,Kajibaru,Bundu,Ranchi
217,Kanchi,Bundu,Ranchi
218,Karambu,Bundu,Ranchi
219,Karkadih,Bundu,Ranchi
220,Khudimadkam,Bundu,Ranchi
221,Kolanghatu,Bundu,Ranchi
222,Korda,Bundu,Ranchi
223,Kuchidih,Bundu,Ranchi
224,Labga,Bundu,Ranchi
225,Lepadih,Bundu,Ranchi
226,Loahatu,Bundu,Ranchi
227,Lotehatu,Bundu,Ranchi
228,Madhukama,Bundu,Ranchi
229,Moisodih,Bundu,Ranchi
230,Murgidih,Bundu,Ranchi
231,Nawadih,Bundu,Ranchi
232,Nehalgara,Bundu,Ranchi
233,Neuri,Bundu,Ranchi
234,Pancha,Bundu,Ranchi
235,Pangura,Bundu,Ranchi
236,Pansakam,Bundu,Ranchi
237,Paramdih,Bundu,Ranchi
238,Pawadih,Bundu,Ranchi
239,Ramtola,Bundu,Ranchi
240,Reda,Bundu,Ranchi
241,Reladih,Bundu,Ranchi
242,Roredih,Bundu,Ranchi
243,Salgadih,Bundu,Ranchi
244,Sarjamdih,Bundu,Ranchi
245,Singardih,Bundu,Ranchi
246,Sirkadih,Bundu,Ranchi
247,Sumandih,Bundu,Ranchi
248,Sutilong,Bundu,Ranchi
249,Taimara,Bundu,Ranchi
250,Tau,Bundu,Ranchi
251,Tilaimarcha,Bundu,Ranchi
252,Tirildih,Bundu,Ranchi
253,Tisro,Bundu,Ranchi
254,Tunju,Bundu,Ranchi
255,Ulida,Bundu,Ranchi
256,Aktan,Burmu,Ranchi
257,Anatu,Burmu,Ranchi
258,Ara,Burmu,Ranchi
259,Ara,Burmu,Ranchi
260,Arid,Burmu,Ranchi
261,Arra (Arara),Burmu,Ranchi
262,Bangaon,Burmu,Ranchi
263,Baraudi,Burmu,Ranchi
264,Bare,Burmu,Ranchi
265,Barkamuru,Burmu,Ranchi
266,Basri (Banoari),Burmu,Ranchi
267,Berwari,Burmu,Ranchi
268,Bhantboreya,Burmu,Ranchi
269,Binja,Burmu,Ranchi
270,Burmu,Burmu,Ranchi
271,Chaingara,Burmu,Ranchi
272,Chakme,Burmu,Ranchi
273,Chalniya (Chalaniya),Burmu,Ranchi
274,Chanya,Burmu,Ranchi
275,Chapra,Burmu,Ranchi
276,Churugara,Burmu,Ranchi
277,Dandiya,Burmu,Ranchi
278,Erud,Burmu,Ranchi
279,Geswe,Burmu,Ranchi
280,Ginjothakurgaon,Burmu,Ranchi
281,Gurgain,Burmu,Ranchi
282,Gutru,Burmu,Ranchi
283,Hatnai,Burmu,Ranchi
284,Hendag,Burmu,Ranchi
285,Hering,Burmu,Ranchi
286,Hesalpiri,Burmu,Ranchi
287,Hisri,Burmu,Ranchi
288,Hutpai,Burmu,Ranchi
289,Ichapiri,Burmu,Ranchi
290,Ithe,Burmu,Ranchi
291,Kanadih,Burmu,Ranchi
292,Kander,Burmu,Ranchi
293,Karamba,Burmu,Ranchi
294,Kaskoma,Burmu,Ranchi
295,Katangdiri,Burmu,Ranchi
296,Kedli,Burmu,Ranchi
297,Kewtia,Burmu,Ranchi
298,Khakhra,Burmu,Ranchi
299,Koejam,Burmu,Ranchi
300,Korabar,Burmu,Ranchi
301,Kori,Burmu,Ranchi
302,Kotari,Burmu,Ranchi
303,Kulwe,Burmu,Ranchi
304,Lawagara,Burmu,Ranchi
305,Lothmana,Burmu,Ranchi
306,Makka,Burmu,Ranchi
307,Manatu,Burmu,Ranchi
308,Matwe,Burmu,Ranchi
309,Mohanpur,Burmu,Ranchi
310,Muna,Burmu,Ranchi
311,Murgi,Burmu,Ranchi
312,Murumgara,Burmu,Ranchi
313,Murupiri,Burmu,Ranchi
314,Murwe,Burmu,Ranchi
315,Nauj,Burmu,Ranchi
316,Ojhasaram,Burmu,Ranchi
317,Patkai,Burmu,Ranchi
318,Piraguttu,Burmu,Ranchi
319,Rol,Burmu,Ranchi
320,Salhan,Burmu,Ranchi
321,Saram,Burmu,Ranchi
322,Sarle,Burmu,Ranchi
323,Sidraul,Burmu,Ranchi
324,Siram,Burmu,Ranchi
325,Soba,Burmu,Ranchi
326,Sosai,Burmu,Ranchi
327,Sumu,Burmu,Ranchi
328,Surid,Burmu,Ranchi
329,Turmuli,Burmu,Ranchi
330,Ulatu,Burmu,Ranchi
331,Umedanda,Burmu,Ranchi
332,Usku,Burmu,Ranchi
333,Ara,Chanho,Ranchi
334,Bachhau,Chanho,Ranchi
335,Badri,Chanho,Ranchi
336,Balsokra,Chanho,Ranchi
337,Barhe,Chanho,Ranchi
338,Bejang,Chanho,Ranchi
339,Betlangi,Chanho,Ranchi
340,Beyasi,Chanho,Ranchi
341,Birra,Chanho,Ranchi
342,Buchaopa,Chanho,Ranchi
343,Chaliyo,Chanho,Ranchi
344,Chama,Chanho,Ranchi
345,Chamranga,Chanho,Ranchi
346,Chancho,Chanho,Ranchi
347,Chanho,Chanho,Ranchi
348,Chatwal,Chanho,Ranchi
349,Chora,Chanho,Ranchi
350,Choreya,Chanho,Ranchi
351,Chutyo,Chanho,Ranchi
352,Ganeshpur,Chanho,Ranchi
353,Goke,Chanho,Ranchi
354,Gutua,Chanho,Ranchi
355,Harra,Chanho,Ranchi
356,Hatri,Chanho,Ranchi
357,Hondpiri,Chanho,Ranchi
358,Honhe,Chanho,Ranchi
359,Hurhuri,Chanho,Ranchi
360,Hutar,Chanho,Ranchi
361,Jaipur,Chanho,Ranchi
362,Kamta,Chanho,Ranchi
363,Kanjgi,Chanho,Ranchi
364,Karambo,Chanho,Ranchi
365,Karkat,Chanho,Ranchi
366,Kataiya,Chanho,Ranchi
367,Koko,Chanho,Ranchi
368,Kullu,Chanho,Ranchi
369,Lepsar,Chanho,Ranchi
370,Lundri,Chanho,Ranchi
371,Lupunga,Chanho,Ranchi
372,Lurangi,Chanho,Ranchi
373,Madai,Chanho,Ranchi
374,Madhukam,Chanho,Ranchi
375,Mahthatoli,Chanho,Ranchi
376,Masmano,Chanho,Ranchi
377,Melani,Chanho,Ranchi
378,Murto,Chanho,Ranchi
379,Naudi,Chanho,Ranchi
380,Nunhu,Chanho,Ranchi
381,Opa,Chanho,Ranchi
382,Pakaria,Chanho,Ranchi
383,Patratu,Chanho,Ranchi
384,Patuk,Chanho,Ranchi
385,Pondri,Chanho,Ranchi
386,Raghunathpur,Chanho,Ranchi
387,Rakadih,Chanho,Ranchi
388,Ramdaga,Chanho,Ranchi
389,Rol (Rola),Chanho,Ranchi
390,Silagain,Chanho,Ranchi
391,Sisai,Chanho,Ranchi
392,Sonchipi,Chanho,Ranchi
393,Sonrkhap,Chanho,Ranchi
394,Sons,Chanho,Ranchi
395,Soparam,Chanho,Ranchi
396,Sukurhutte,Chanho,Ranchi
397,Tala,Chanho,Ranchi
398,Tangar,Chanho,Ranchi
399,Taranga,Chanho,Ranchi
400,Baridih,Itki,Ranchi
401,Bhandra,Itki,Ranchi
402,Bindhani,Itki,Ranchi
403,Boreya,Itki,Ranchi
404,Chachgura,Itki,Ranchi
405,Chinaro,Itki,Ranchi
406,Dola,Itki,Ranchi
407,Garhagaon,Itki,Ranchi
408,Harmu,Itki,Ranchi
409,Itkithakurgoan,Itki,Ranchi
410,Khambha,Itki,Ranchi
411,Kuli,Itki,Ranchi
412,Kundi,Itki,Ranchi
413,Kurgi,Itki,Ranchi
414,Lawagain,Itki,Ranchi
415,Lupunga,Itki,Ranchi
416,Makunda,Itki,Ranchi
417,Malar,Itki,Ranchi
418,Malti,Itki,Ranchi
419,Moro,Itki,Ranchi
420,Palma,Itki,Ranchi
421,Puriya,Itki,Ranchi
422,Ranidih,Itki,Ranchi
423,Ranikhatanga,Itki,Ranchi
424,Sauka,Itki,Ranchi
425,Semra,Itki,Ranchi
426,Sugda,Itki,Ranchi
427,Targari,Itki,Ranchi
428,Tilaksuti,Itki,Ranchi
429,Turguru,Itki,Ranchi
430,Arsande (CT),Kanke,Ranchi
431,Bagda,Kanke,Ranchi
432,Bajra,Kanke,Ranchi
433,Balu,Kanke,Ranchi
434,Banhara,Kanke,Ranchi
435,Banhaura,Kanke,Ranchi
436,Barhu,Kanke,Ranchi
437,Bariatu,Kanke,Ranchi
438,Batta,Kanke,Ranchi
439,Benti,Kanke,Ranchi
440,Boreya,Kanke,Ranchi
441,Bukru,Kanke,Ranchi
442,Buti,Kanke,Ranchi
443,Chama,Kanke,Ranchi
444,Chamguru,Kanke,Ranchi
445,Chandewe,Kanke,Ranchi
446,Chardi,Kanke,Ranchi
447,Chari,Kanke,Ranchi
448,Chatakpur,Kanke,Ranchi
449,Chauli,Kanke,Ranchi
450,Cheri,Kanke,Ranchi
451,Chirua,Kanke,Ranchi
452,Chitar,Kanke,Ranchi
453,Chuttu,Kanke,Ranchi
454,Dahisot,Kanke,Ranchi
455,Dandaiphutkal Toli,Kanke,Ranchi
456,Dhanaisoso,Kanke,Ranchi
457,Dubliya Alias Dugliya,Kanke,Ranchi
458,Dumardaga,Kanke,Ranchi
459,Ekamba,Kanke,Ranchi
460,Gagi,Kanke,Ranchi
461,Garu,Kanke,Ranchi
462,Gatlatu,Kanke,Ranchi
463,Gobarhappa,Kanke,Ranchi
464,Haldama,Kanke,Ranchi
465,Hethkonki,Kanke,Ranchi
466,Hochar,Kanke,Ranchi
467,Hombai,Kanke,Ranchi
468,Hosir,Kanke,Ranchi
469,Hujir,Kanke,Ranchi
470,Hundur,Kanke,Ranchi
471,Ichapiri,Kanke,Ranchi
472,Jaipur,Kanke,Ranchi
473,Jamuari,Kanke,Ranchi
474,Jhiri,Kanke,Ranchi
475,Jidu,Kanke,Ranchi
476,Kadal,Kanke,Ranchi
477,Kadma,Kanke,Ranchi
478,Kalheyakanadu,Kanke,Ranchi
479,Kamata,Kanke,Ranchi
480,Kamre,Kanke,Ranchi
481,Kanke (CT),Kanke,Ranchi
482,Karkata,Kanke,Ranchi
483,Katamkuli,Kanke,Ranchi
484,Khatanaga,Kanke,Ranchi
485,Khatanga,Kanke,Ranchi
486,Khatanga,Kanke,Ranchi
487,Kokdaro,Kanke,Ranchi
488,Konge,Kanke,Ranchi
489,Kumhariya,Kanke,Ranchi
490,Lalganj,Kanke,Ranchi
491,Madanpur,Kanke,Ranchi
492,Malsiring,Kanke,Ranchi
493,Manatu,Kanke,Ranchi
494,Manha,Kanke,Ranchi
495,Marwa,Kanke,Ranchi
496,Menrhi,Kanke,Ranchi
497,Mesra,Kanke,Ranchi
498,Misirgonda Alias Pahargonda ,Kanke,Ranchi
499,Muretha,Kanke,Ranchi
500,Murum,Kanke,Ranchi
501,Nagri,Kanke,Ranchi
502,Nauasoso,Kanke,Ranchi
503,Nawadih,Kanke,Ranchi
504,Neuri,Kanke,Ranchi
505,Okhargara,Kanke,Ranchi
506,Oyna,Kanke,Ranchi
507,Pandra,Kanke,Ranchi
508,Patagain,Kanke,Ranchi
509,Patratu,Kanke,Ranchi
510,Patratu,Kanke,Ranchi
511,Pertol,Kanke,Ranchi
512,Pirra,Kanke,Ranchi
513,Pithauriya,Kanke,Ranchi
514,Pusu,Kanke,Ranchi
515,Ral,Kanke,Ranchi
516,Ranchi (M Corp.),Kanke,Ranchi
517,Rarha,Kanke,Ranchi
518,Rodiya,Kanke,Ranchi
519,Runro,Kanke,Ranchi
520,Sadkanadu,Kanke,Ranchi
521,Sanga,Kanke,Ranchi
522,Sangrampur,Kanke,Ranchi
523,Siddi,Kanke,Ranchi
524,Simliya,Kanke,Ranchi
525,Sirango,Kanke,Ranchi
526,Soso,Kanke,Ranchi
527,Sugnu,Kanke,Ranchi
528,Sukurhuttu,Kanke,Ranchi
529,Sundil,Kanke,Ranchi
530,Sutiambe,Kanke,Ranchi
531,Tendar,Kanke,Ranchi
532,Tilta,Kanke,Ranchi
533,Ulatu,Kanke,Ranchi
534,Uparkonki,Kanke,Ranchi
535,Uruguttu,Kanke,Ranchi
536,Babhne (Bamne),Khelari,Ranchi
537,Bishrampur (CT),Khelari,Ranchi
538,Churi (CT),Khelari,Ranchi
539,Dondu,Khelari,Ranchi
540,Duli,Khelari,Ranchi
541,Harhu,Khelari,Ranchi
542,Hesalang,Khelari,Ranchi
543,Hoyar,Khelari,Ranchi
544,Kedal,Khelari,Ranchi
545,Khelari (CT),Khelari,Ranchi
546,Konka,Khelari,Ranchi
547,Lapra,Khelari,Ranchi
548,Mahuliya,Khelari,Ranchi
549,Manatu,Khelari,Ranchi
550,Mayapur,Khelari,Ranchi
551,Nawadih,Khelari,Ranchi
552,Ray (CT),Khelari,Ranchi
553,Tumang,Khelari,Ranchi
554,Akumroma,Lapung,Ranchi
555,Armalatdag,Lapung,Ranchi
556,Bakronda,Lapung,Ranchi
557,Balandu,Lapung,Ranchi
558,Bankakera,Lapung,Ranchi
559,Baragain,Lapung,Ranchi
560,Baraidih,Lapung,Ranchi
561,Barkakura,Lapung,Ranchi
562,Biramkel,Lapung,Ranchi
563,Burhni,Lapung,Ranchi
564,Chalangi,Lapung,Ranchi
565,Chalha,Lapung,Ranchi
566,Champadih,Lapung,Ranchi
567,Chanpi,Lapung,Ranchi
568,Dadgo,Lapung,Ranchi
569,Danekera,Lapung,Ranchi
570,Daranda,Lapung,Ranchi
571,Dari,Lapung,Ranchi
572,Dewgaon,Lapung,Ranchi
573,Dimba,Lapung,Ranchi
574,Dolaicha,Lapung,Ranchi
575,Duru,Lapung,Ranchi
576,Fatehpur,Lapung,Ranchi
577,Gara,Lapung,Ranchi
578,Garai,Lapung,Ranchi
579,Gari,Lapung,Ranchi
580,Gateatoli,Lapung,Ranchi
581,Gudgud,Lapung,Ranchi
582,Hulsu,Lapung,Ranchi
583,Jamakel,Lapung,Ranchi
584,Jariya,Lapung,Ranchi
585,Jataloya,Lapung,Ranchi
586,Jhiki,Lapung,Ranchi
587,Kalje,Lapung,Ranchi
588,Kandarkel,Lapung,Ranchi
589,Karum,Lapung,Ranchi
590,Kathkunwari,Lapung,Ranchi
591,Katingkela,Lapung,Ranchi
592,Khatanga,Lapung,Ranchi
593,Koinara,Lapung,Ranchi
594,Koisara,Lapung,Ranchi
595,Kurkuriya,Lapung,Ranchi
596,Lalganj,Lapung,Ranchi
597,Lapung,Lapung,Ranchi
598,Latratu,Lapung,Ranchi
599,Lete,Lapung,Ranchi
600,Lodhma,Lapung,Ranchi
601,Lohagara,Lapung,Ranchi
602,Mahugaon,Lapung,Ranchi
603,Malgo,Lapung,Ranchi
604,Manri,Lapung,Ranchi
605,Murup,Lapung,Ranchi
606,Nawatoli,Lapung,Ranchi
607,Orekel,Lapung,Ranchi
608,Pabira,Lapung,Ranchi
609,Pandu,Lapung,Ranchi
610,Parsa,Lapung,Ranchi
611,Pokta,Lapung,Ranchi
612,Pola,Lapung,Ranchi
613,Raitoli,Lapung,Ranchi
614,Ranidera,Lapung,Ranchi
615,Sakarpur,Lapung,Ranchi
616,Sapukera,Lapung,Ranchi
617,Sarangloya,Lapung,Ranchi
618,Sarsa,Lapung,Ranchi
619,Seheda,Lapung,Ranchi
620,Semla,Lapung,Ranchi
621,Sohagi,Lapung,Ranchi
622,Sukurhutu,Lapung,Ranchi
623,Taberkalan,Lapung,Ranchi
624,Taberkhurd,Lapung,Ranchi
625,Takriya,Lapung,Ranchi
626,Tangarkela,Lapung,Ranchi
627,Tapkara,Lapung,Ranchi
628,Tetra,Lapung,Ranchi
629,Tigra,Lapung,Ranchi
630,Tilai,Lapung,Ranchi
631,Ulgara,Lapung,Ranchi
632,Unekel,Lapung,Ranchi
633,Babro,Mandar,Ranchi
634,Bajra,Mandar,Ranchi
635,Bakhar,Mandar,Ranchi
636,Bando,Mandar,Ranchi
637,Banjhila,Mandar,Ranchi
638,Bansjari,Mandar,Ranchi
639,Barambe,Mandar,Ranchi
640,Bargari,Mandar,Ranchi
641,Baski,Mandar,Ranchi
642,Bishakhatanga,Mandar,Ranchi
643,Burhakhukhra,Mandar,Ranchi
644,Charki,Mandar,Ranchi
645,Charnalo,Mandar,Ranchi
646,Chatwal,Mandar,Ranchi
647,Chigri,Mandar,Ranchi
648,Chund,Mandar,Ranchi
649,Darjijari,Mandar,Ranchi
650,Deuri Alias Dongatoli,Mandar,Ranchi
651,Dumri,Mandar,Ranchi
652,Garmi,Mandar,Ranchi
653,Gore,Mandar,Ranchi
654,Gorkho,Mandar,Ranchi
655,Gurgurjari,Mandar,Ranchi
656,Haril,Mandar,Ranchi
657,Hatma,Mandar,Ranchi
658,Hesal,Mandar,Ranchi
659,Hesmi,Mandar,Ranchi
660,Jaher,Mandar,Ranchi
661,Jhikpur,Mandar,Ranchi
662,Jhinghri,Mandar,Ranchi
663,Kaimbo,Mandar,Ranchi
664,Kandri,Mandar,Ranchi
665,Kanijari,Mandar,Ranchi
666,Kanjiya,Mandar,Ranchi
667,Karge,Mandar,Ranchi
668,Karkaria,Mandar,Ranchi
669,Katchancho,Mandar,Ranchi
670,Keskani,Mandar,Ranchi
671,Korambe,Mandar,Ranchi
672,Kurkura,Mandar,Ranchi
673,Loiyo,Mandar,Ranchi
674,Mahuajari,Mandar,Ranchi
675,Malti,Mandar,Ranchi
676,Maltoli,Mandar,Ranchi
677,Mandar,Mandar,Ranchi
678,Mandro,Mandar,Ranchi
679,Masmano,Mandar,Ranchi
680,Mesal,Mandar,Ranchi
681,Murjuli,Mandar,Ranchi
682,Murkuni,Mandar,Ranchi
683,Murma,Mandar,Ranchi
684,Nagra,Mandar,Ranchi
685,Naro,Mandar,Ranchi
686,Nawatanr,Mandar,Ranchi
687,Pareyago,Mandar,Ranchi
688,Pungi,Mandar,Ranchi
689,Rege,Mandar,Ranchi
690,Sakarpada,Mandar,Ranchi
691,Sakra,Mandar,Ranchi
692,Sargaon,Mandar,Ranchi
693,Sarwa,Mandar,Ranchi
694,Sewadih,Mandar,Ranchi
695,Sosai,Mandar,Ranchi
696,Sursa,Mandar,Ranchi
697,Tangarbasuli,Mandar,Ranchi
698,Tatkundo,Mandar,Ranchi
699,Tigoiambatoli,Mandar,Ranchi
700,Tikotoli,Mandar,Ranchi
701,Totambi,Mandar,Ranchi
702,Babro,Nagri,Ranchi
703,Balalong,Nagri,Ranchi
704,Bandheya,Nagri,Ranchi
705,Bandratoli,Nagri,Ranchi
706,Baridih,Nagri,Ranchi
707,Barsa,Nagri,Ranchi
708,Basila,Nagri,Ranchi
709,Chete,Nagri,Ranchi
710,Chipra,Nagri,Ranchi
711,Daladili,Nagri,Ranchi
712,Dewri,Nagri,Ranchi
713,Erchora,Nagri,Ranchi
714,Gutuwa,Nagri,Ranchi
715,Halhu,Nagri,Ranchi
716,Harhi,Nagri,Ranchi
717,Harser,Nagri,Ranchi
718,Hotwasi,Nagri,Ranchi
719,Jaipur,Nagri,Ranchi
720,Katarpa,Nagri,Ranchi
721,Kelande,Nagri,Ranchi
722,Kenke,Nagri,Ranchi
723,Khunta,Nagri,Ranchi
724,Kolambi,Nagri,Ranchi
725,Kosaro,Nagri,Ranchi
726,Kota,Nagri,Ranchi
727,Kudlum,Nagri,Ranchi
728,Labed,Nagri,Ranchi
729,Lada,Nagri,Ranchi
730,Meral,Nagri,Ranchi
731,Nachiatu,Nagri,Ranchi
732,Nagri,Nagri,Ranchi
733,Naro,Nagri,Ranchi
734,Palandu,Nagri,Ranchi
735,Panchdiha,Nagri,Ranchi
736,Patrachauli,Nagri,Ranchi
737,Piska,Nagri,Ranchi
738,Pundag,Nagri,Ranchi
739,Saher,Nagri,Ranchi
740,Saparom,Nagri,Ranchi
741,Sembo,Nagri,Ranchi
742,Singhpur,Nagri,Ranchi
743,Sugda,Nagri,Ranchi
744,Tikratoli,Nagri,Ranchi
745,Tundiul (CT),Nagri,Ranchi
746,Tusmu,Nagri,Ranchi
747,Upardaha,Nagri,Ranchi
748,Ara (CT),Namkum,Ranchi
749,Arma,Namkum,Ranchi
750,Banda,Namkum,Ranchi
751,Bandua,Namkum,Ranchi
752,Baram,Namkum,Ranchi
753,Bargarwa (CT),Namkum,Ranchi
754,Barguttu,Namkum,Ranchi
755,Bumru,Namkum,Ranchi
756,Bundubera,Namkum,Ranchi
757,Butiyo,Namkum,Ranchi
758,Chand,Namkum,Ranchi
759,Chandaghasi,Namkum,Ranchi
760,Chene,Namkum,Ranchi
761,Chitir,Namkum,Ranchi
762,Churu,Namkum,Ranchi
763,Darjitorar,Namkum,Ranchi
764,Dewgain,Namkum,Ranchi
765,Dundigarha,Namkum,Ranchi
766,Dundu,Namkum,Ranchi
767,Dungri,Namkum,Ranchi
768,Ganrke,Namkum,Ranchi
769,Garhkhatanga,Namkum,Ranchi
770,Garsul,Namkum,Ranchi
771,Ghuthiya,Namkum,Ranchi
772,Gobindpur,Namkum,Ranchi
773,Gundu,Namkum,Ranchi
774,Guniyadih,Namkum,Ranchi
775,Hahap,Namkum,Ranchi
776,Hajam,Namkum,Ranchi
777,Haratu,Namkum,Ranchi
778,Harbul,Namkum,Ranchi
779,Hardag,Namkum,Ranchi
780,Harhap,Namkum,Ranchi
781,Hatia,Namkum,Ranchi
782,Heslatoli,Namkum,Ranchi
783,Hethdahu,Namkum,Ranchi
784,Hethu,Namkum,Ranchi
785,Hoenjan,Namkum,Ranchi
786,Huanghatu,Namkum,Ranchi
787,Huringdag,Namkum,Ranchi
788,Hurua,Namkum,Ranchi
789,Huthundu,Namkum,Ranchi
790,Ithe,Namkum,Ranchi
791,Jamchuan,Namkum,Ranchi
792,Jamgain,Namkum,Ranchi
793,Jaratoli,Namkum,Ranchi
794,Jareya,Namkum,Ranchi
795,Jojosiring,Namkum,Ranchi
796,Jorar(Todar),Namkum,Ranchi
797,Jordag,Namkum,Ranchi
798,Kachbang,Namkum,Ranchi
799,Kakra,Namkum,Ranchi
800,Karkata,Namkum,Ranchi
801,Kewali,Namkum,Ranchi
802,Kharsidag,Namkum,Ranchi
803,Khijri,Namkum,Ranchi
804,Kiski,Namkum,Ranchi
805,Koenribera,Namkum,Ranchi
806,Kolad,Namkum,Ranchi
807,Kudagara,Namkum,Ranchi
808,Kute Toli,Namkum,Ranchi
809,Kutiatu,Namkum,Ranchi
810,Lali,Namkum,Ranchi
811,Lalkhatanga,Namkum,Ranchi
812,Lodhma,Namkum,Ranchi
813,Mahilong,Namkum,Ranchi
814,Malti,Namkum,Ranchi
815,Mangubadh,Namkum,Ranchi
816,Mariyatu,Namkum,Ranchi
817,Merha(Metha),Namkum,Ranchi
818,Nachaldag,Namkum,Ranchi
819,Nichitpur-Raydih,Namkum,Ranchi
820,Oberiya,Namkum,Ranchi
821,Palandu,Namkum,Ranchi
822,Pindarkam,Namkum,Ranchi
823,Pindarkom,Namkum,Ranchi
824,Rampur,Namkum,Ranchi
825,Rurungkocha,Namkum,Ranchi
826,Saheda,Namkum,Ranchi
827,Sahera,Namkum,Ranchi
828,Saparom,Namkum,Ranchi
829,Sarwal,Namkum,Ranchi
830,Sidraul,Namkum,Ranchi
831,Siladon,Namkum,Ranchi
832,Silwai,Namkum,Ranchi
833,Singarsarai,Namkum,Ranchi
834,Siri,Namkum,Ranchi
835,Sithia,Namkum,Ranchi
836,Sohdag,Namkum,Ranchi
837,Sorha(Sotha),Namkum,Ranchi
838,Sukurhuttu,Namkum,Ranchi
839,Tanko,Namkum,Ranchi
840,Tati (CT),Namkum,Ranchi
841,Tetri,Namkum,Ranchi
842,Tumbaguttu,Namkum,Ranchi
843,Tunju,Namkum,Ranchi
844,Ulatu,Namkum,Ranchi
845,Ulatu,Namkum,Ranchi
846,Ulidih,Namkum,Ranchi
847,Upardahu,Namkum,Ranchi
848,Anandi,Ormanjhi,Ranchi
849,Ara,Ormanjhi,Ranchi
850,Baghinbanda,Ormanjhi,Ranchi
851,Banlotwa,Ormanjhi,Ranchi
852,Bargainbanda,Ormanjhi,Ranchi
853,Baridihi,Ormanjhi,Ranchi
854,Bartua,Ormanjhi,Ranchi
855,Barwe,Ormanjhi,Ranchi
856,Bhusur,Ormanjhi,Ranchi
857,Bijang,Ormanjhi,Ranchi
858,Bundu,Ormanjhi,Ranchi
859,Chakla,Ormanjhi,Ranchi
860,Chandra,Ormanjhi,Ranchi
861,Chapabar(Chapawar),Ormanjhi,Ranchi
862,Chapra Kocha,Ormanjhi,Ranchi
863,Charo,Ormanjhi,Ranchi
864,Chetarbari,Ormanjhi,Ranchi
865,Chultupalu,Ormanjhi,Ranchi
866,Dahu,Ormanjhi,Ranchi
867,Dardag,Ormanjhi,Ranchi
868,Datma(Utma),Ormanjhi,Ranchi
869,Dhakjiban,Ormanjhi,Ranchi
870,Dunde,Ormanjhi,Ranchi
871,Dundun,Ormanjhi,Ranchi
872,Gagari,Ormanjhi,Ranchi
873,Ganeshpur,Ormanjhi,Ranchi
874,Gunja,Ormanjhi,Ranchi
875,Gurgain,Ormanjhi,Ranchi
876,Guru,Ormanjhi,Ranchi
877,Halbadi,Ormanjhi,Ranchi
878,Harchanda,Ormanjhi,Ranchi
879,Hatwal,Ormanjhi,Ranchi
880,Hesatu,Ormanjhi,Ranchi
881,Hethnagru,Ormanjhi,Ranchi
882,Hindebili,Ormanjhi,Ranchi
883,Hindebilli,Ormanjhi,Ranchi
884,Hochai,Ormanjhi,Ranchi
885,Hurputoli(Haruptoli),Ormanjhi,Ranchi
886,Hutup,Ormanjhi,Ranchi
887,Ichadag,Ormanjhi,Ranchi
888,Irba (CT),Ormanjhi,Ranchi
889,Jaidiha,Ormanjhi,Ranchi
890,Jaruadihi,Ormanjhi,Ranchi
891,Jawabera,Ormanjhi,Ranchi
892,Jhiri,Ormanjhi,Ranchi
893,Jidu,Ormanjhi,Ranchi
894,Jirabar (Jirawar),Ormanjhi,Ranchi
895,Kamta,Ormanjhi,Ranchi
896,Karma,Ormanjhi,Ranchi
897,Keram,Ormanjhi,Ranchi
898,Kesharbera,Ormanjhi,Ranchi
899,Khatanga,Ormanjhi,Ranchi
900,Khudiya,Ormanjhi,Ranchi
901,Koalu (Qalu),Ormanjhi,Ranchi
902,Koilari,Ormanjhi,Ranchi
903,Kuchu,Ormanjhi,Ranchi
904,Kukui,Ormanjhi,Ranchi
905,Kulhi,Ormanjhi,Ranchi
906,Kurum,Ormanjhi,Ranchi
907,Kute,Ormanjhi,Ranchi
908,Lotwa,Ormanjhi,Ranchi
909,Lupunga,Ormanjhi,Ranchi
910,Madkama(Madhukama),Ormanjhi,Ranchi
911,Manatu,Ormanjhi,Ranchi
912,Mandro(Mandroh),Ormanjhi,Ranchi
913,Matatu (Manatu),Ormanjhi,Ranchi
914,Mayapur,Ormanjhi,Ranchi
915,Muta,Ormanjhi,Ranchi
916,Ormanjhi,Ormanjhi,Ranchi
917,Palu,Ormanjhi,Ranchi
918,Pancha,Ormanjhi,Ranchi
919,Parsa Toli,Ormanjhi,Ranchi
920,Piparbanda,Ormanjhi,Ranchi
921,Piska,Ormanjhi,Ranchi
922,Pundag,Ormanjhi,Ranchi
923,Rola,Ormanjhi,Ranchi
924,Rukka,Ormanjhi,Ranchi
925,Sadma,Ormanjhi,Ranchi
926,Saher,Ormanjhi,Ranchi
927,Sanri,Ormanjhi,Ranchi
928,Santi,Ormanjhi,Ranchi
929,Sawaiya,Ormanjhi,Ranchi
930,Sidarmuta,Ormanjhi,Ranchi
931,Sildiri,Ormanjhi,Ranchi
932,Tapa,Ormanjhi,Ranchi
933,Tirla,Ormanjhi,Ranchi
934,Tirla,Ormanjhi,Ranchi
935,Tunahuli,Ormanjhi,Ranchi
936,Ukrid,Ormanjhi,Ranchi
937,Ulatu,Ormanjhi,Ranchi
938,Uparnagru,Ormanjhi,Ranchi
939,Ambajhariya,Rahe,Ranchi
940,Badalu,Rahe,Ranchi
941,Bansiya,Rahe,Ranchi
942,Barwadih,Rahe,Ranchi
943,Basahatu,Rahe,Ranchi
944,Basantpur,Rahe,Ranchi
945,Bela,Rahe,Ranchi
946,Bundiaru,Rahe,Ranchi
947,Burhadih,Rahe,Ranchi
948,Burudih,Rahe,Ranchi
949,Chainpur,Rahe,Ranchi
950,Chirudih,Rahe,Ranchi
951,Chirudih,Rahe,Ranchi
952,Dakad,Rahe,Ranchi
953,Dhanamunji,Rahe,Ranchi
954,Domandih,Rahe,Ranchi
955,Dulmi,Rahe,Ranchi
956,Eresereng,Rahe,Ranchi
957,Ghaghradih,Rahe,Ranchi
958,Goali,Rahe,Ranchi
959,Gomda,Rahe,Ranchi
960,Guchidih,Rahe,Ranchi
961,Hatlo,Rahe,Ranchi
962,Ichahatu,Rahe,Ranchi
963,Kankata,Rahe,Ranchi
964,Kateadih,Rahe,Ranchi
965,Khatanga,Rahe,Ranchi
966,Kochetola,Rahe,Ranchi
967,Kokrodih,Rahe,Ranchi
968,Kolma,Rahe,Ranchi
969,Kombo,Rahe,Ranchi
970,Kontatola,Rahe,Ranchi
971,Kotangdag,Rahe,Ranchi
972,Kubadih,Rahe,Ranchi
973,Ladhup,Rahe,Ranchi
974,Loahatu,Rahe,Ranchi
975,Maheshpur,Rahe,Ranchi
976,Nawadih,Rahe,Ranchi
977,Nawadih,Rahe,Ranchi
978,Nichintpur,Rahe,Ranchi
979,Nuru,Rahe,Ranchi
980,Panchu,Rahe,Ranchi
981,Paramdih,Rahe,Ranchi
982,Phulwar Baherabera,Rahe,Ranchi
983,Pogra,Rahe,Ranchi
984,Purnadih,Rahe,Ranchi
985,Purnanagar,Rahe,Ranchi
986,Rahe,Rahe,Ranchi
987,Ramdera,Rahe,Ranchi
988,Rangamati,Rahe,Ranchi
989,Sataki,Rahe,Ranchi
990,Serengdih,Rahe,Ranchi
991,Siridih,Rahe,Ranchi
992,Soso,Rahe,Ranchi
993,Suarmara,Rahe,Ranchi
994,Thungrudih,Rahe,Ranchi
995,Tilmisiring,Rahe,Ranchi
996,Torang,Rahe,Ranchi
997,Uraondih,Rahe,Ranchi
998,Agru,Ratu,Ranchi
999,Bajpur,Ratu,Ranchi
1000,Banapiri,Ratu,Ranchi
1001,Belangi,Ratu,Ranchi
1002,Bhonra,Ratu,Ranchi
1003,Bijuliya,Ratu,Ranchi
1004,Burju,Ratu,Ranchi
1005,Chauli,Ratu,Ranchi
1006,Chitarkota,Ratu,Ranchi
1007,Ekaguri,Ratu,Ranchi
1008,Garri,Ratu,Ranchi
1009,Guru,Ratu,Ranchi
1010,Gutuatoli,Ratu,Ranchi
1011,Hehal,Ratu,Ranchi
1012,Hetha,Ratu,Ranchi
1013,Hisri,Ratu,Ranchi
1014,Hochar,Ratu,Ranchi
1015,Hurhuri,Ratu,Ranchi
1016,Jari,Ratu,Ranchi
1017,Kanauj,Ratu,Ranchi
1018,Kantu,Ratu,Ranchi
1019,Kokretanr,Ratu,Ranchi
1020,Lahna,Ratu,Ranchi
1021,Makhmandro,Ratu,Ranchi
1022,Malmanru,Ratu,Ranchi
1023,Mariatu,Ratu,Ranchi
1024,Murchu,Ratu,Ranchi
1025,Murgu,Ratu,Ranchi
1026,Pali,Ratu,Ranchi
1027,Pandra,Ratu,Ranchi
1028,Parhepat,Ratu,Ranchi
1029,Patratoli,Ratu,Ranchi
1030,Pheta,Ratu,Ranchi
1031,Piriyo,Ratu,Ranchi
1032,Ratu (CT),Ratu,Ranchi
1033,Tarup,Ratu,Ranchi
1034,Tigra,Ratu,Ranchi
1035,Usamatu,Ratu,Ranchi
1036,Ajaigarh,Silli,Ranchi
1037,Aral,Silli,Ranchi
1038,Bamhandih,Silli,Ranchi
1039,Bamhni(Bhabhani),Silli,Ranchi
1040,Bansarori,Silli,Ranchi
1041,Bantahajam,Silli,Ranchi
1042,Banuadih,Silli,Ranchi
1043,Barachangru,Silli,Ranchi
1044,Barkitanr,Silli,Ranchi
1045,Barnatanr,Silli,Ranchi
1046,Bhuli,Silli,Ranchi
1047,Biseriya,Silli,Ranchi
1048,Burhabahera,Silli,Ranchi
1049,Chatambari,Silli,Ranchi
1050,Chokesiring,Silli,Ranchi
1051,Chordera,Silli,Ranchi
1052,Chottachangru,Silli,Ranchi
1053,Dharampur,Silli,Ranchi
1054,Dhautikra,Silli,Ranchi
1055,Domandih,Silli,Ranchi
1056,Dowaru,Silli,Ranchi
1057,Dumarbera,Silli,Ranchi
1058,Gajha,Silli,Ranchi
1059,Gargaon,Silli,Ranchi
1060,Garihalmad,Silli,Ranchi
1061,Gerebir,Silli,Ranchi
1062,Ghaghra,Silli,Ranchi
1063,Goradih,Silli,Ranchi
1064,Gorha,Silli,Ranchi
1065,Hahelupung,Silli,Ranchi
1066,Hakedag,Silli,Ranchi
1067,Halmad,Silli,Ranchi
1068,Haridih,Silli,Ranchi
1069,Harwadih,Silli,Ranchi
1070,Hesadih,Silli,Ranchi
1071,Holong,Silli,Ranchi
1072,Ichag(Ichague),Silli,Ranchi
1073,Itihasa,Silli,Ranchi
1074,Jabla,Silli,Ranchi
1075,Jaluhutang,Silli,Ranchi
1076,Jaradih,Silli,Ranchi
1077,Jaru,Silli,Ranchi
1078,Jatra,Silli,Ranchi
1079,Jhabri(Ghabari),Silli,Ranchi
1080,Jumla,Silli,Ranchi
1081,Kachojara,Silli,Ranchi
1082,Kareyadih,Silli,Ranchi
1083,Karma,Silli,Ranchi
1084,Khalari,Silli,Ranchi
1085,Khapchabera,Silli,Ranchi
1086,Kita,Silli,Ranchi
1087,Kocho(Koncho),Silli,Ranchi
1088,Kolam,Silli,Ranchi
1089,Kuchu(Kutchu),Silli,Ranchi
1090,Kulsud,Silli,Ranchi
1091,Kushumtikra,Silli,Ranchi
1092,Kutru,Silli,Ranchi
1093,Lagam,Silli,Ranchi
1094,Lawadag,Silli,Ranchi
1095,Lawapiri,Silli,Ranchi
1096,Lenghatu,Silli,Ranchi
1097,Losera,Silli,Ranchi
1098,Lota,Silli,Ranchi
1099,Lowadag,Silli,Ranchi
1100,Ludmu,Silli,Ranchi
1101,Lupung,Silli,Ranchi
1102,Madni,Silli,Ranchi
1103,Maisudih,Silli,Ranchi
1104,Mardu,Silli,Ranchi
1105,Mijra,Silli,Ranchi
1106,Misirhutang,Silli,Ranchi
1107,Murhu,Silli,Ranchi
1108,Muri (CT),Silli,Ranchi
1109,Nagedih,Silli,Ranchi
1110,Nawadih,Silli,Ranchi
1111,Nawadih,Silli,Ranchi
1112,Nayakjabla,Silli,Ranchi
1113,Nimua,Silli,Ranchi
1114,Patka(Petka),Silli,Ranchi
1115,Patrahatu(Patrahattu),Silli,Ranchi
1116,Pipardag,Silli,Ranchi
1117,Piska,Silli,Ranchi
1118,Pundag,Silli,Ranchi
1119,Rampur,Silli,Ranchi
1120,Rangamati,Silli,Ranchi
1121,Rohardag,Silli,Ranchi
1122,Saheda,Silli,Ranchi
1123,Sarjamdih,Silli,Ranchi
1124,Shyamnagar,Silli,Ranchi
1125,Silli,Silli,Ranchi
1126,Sillidih,Silli,Ranchi
1127,Singhpur,Silli,Ranchi
1128,Sulumjuri,Silli,Ranchi
1129,Sundil,Silli,Ranchi
1130,Tetibauda,Silli,Ranchi
1131,Tunku,Silli,Ranchi
1132,Tutki,Silli,Ranchi
1133,Baluadih,Sonahatu,Ranchi
1134,Banku,Sonahatu,Ranchi
1135,Baredih,Sonahatu,Ranchi
1136,Barenda,Sonahatu,Ranchi
1137,Baruhatu,Sonahatu,Ranchi
1138,Birdidih,Sonahatu,Ranchi
1139,Birgamdih,Sonahatu,Ranchi
1140,Bongadar,Sonahatu,Ranchi
1141,Buruhatu Sundrup,Sonahatu,Ranchi
1142,Choga,Sonahatu,Ranchi
1143,Chokahatu,Sonahatu,Ranchi
1144,Churkudih,Sonahatu,Ranchi
1145,Dibadih,Sonahatu,Ranchi
1146,Dirsir,Sonahatu,Ranchi
1147,Domadih,Sonahatu,Ranchi
1148,Dulmi,Sonahatu,Ranchi
1149,Erramhatu,Sonahatu,Ranchi
1150,Galau,Sonahatu,Ranchi
1151,Garadih,Sonahatu,Ranchi
1152,Gomeadih,Sonahatu,Ranchi
1153,Harin,Sonahatu,Ranchi
1154,Hesadih,Sonahatu,Ranchi
1155,Hesahatu,Sonahatu,Ranchi
1156,Irku,Sonahatu,Ranchi
1157,Jahirdih,Sonahatu,Ranchi
1158,Jamudag,Sonahatu,Ranchi
1159,Jilingsereng,Sonahatu,Ranchi
1160,Jintu,Sonahatu,Ranchi
1161,Jintudih,Sonahatu,Ranchi
1162,Jurunga,Sonahatu,Ranchi
1163,Konda,Sonahatu,Ranchi
1164,Konkadih,Sonahatu,Ranchi
1165,Kotab,Sonahatu,Ranchi
1166,Kudadih,Sonahatu,Ranchi
1167,Kuriamu,Sonahatu,Ranchi
1168,Landupdeh,Sonahatu,Ranchi
1169,Loadih,Sonahatu,Ranchi
1170,Magandih,Sonahatu,Ranchi
1171,Mahil,Sonahatu,Ranchi
1172,Mahuldih,Sonahatu,Ranchi
1173,Mankidih,Sonahatu,Ranchi
1174,Marangikir,Sonahatu,Ranchi
1175,Marchadih,Sonahatu,Ranchi
1176,Nakidih,Sonahatu,Ranchi
1177,Napra,Sonahatu,Ranchi
1178,Nimdih,Sonahatu,Ranchi
1179,Pandadih,Sonahatu,Ranchi
1180,Paramjarea,Sonahatu,Ranchi
1181,Parariadih,Sonahatu,Ranchi
1182,Poadiri,Sonahatu,Ranchi
1183,Poring Chauli,Sonahatu,Ranchi
1184,Rangadih,Sonahatu,Ranchi
1185,Rugri,Sonahatu,Ranchi
1186,Saelband,Sonahatu,Ranchi
1187,Salsud,Sonahatu,Ranchi
1188,Saread,Sonahatu,Ranchi
1189,Sarmali,Sonahatu,Ranchi
1190,Serenghatu,Sonahatu,Ranchi
1191,Sigid,Sonahatu,Ranchi
1192,Somadih,Sonahatu,Ranchi
1193,Sonahatu,Sonahatu,Ranchi
1194,Tetla,Sonahatu,Ranchi
1195,Tetwadih,Sonahatu,Ranchi
1196,Ulidih,Sonahatu,Ranchi
1197,Achudih,Tamar I,Ranchi
1198,Agra,Tamar I,Ranchi
1199,Amhesa,Tamar I,Ranchi
1200,Arahanga,Tamar I,Ranchi
1201,Babaikundi,Tamar I,Ranchi
1202,Baburamdih,Tamar I,Ranchi
1203,Badla,Tamar I,Ranchi
1204,Bagaldih,Tamar I,Ranchi
1205,Baghai,Tamar I,Ranchi
1206,Banki,Tamar I,Ranchi
1207,Baredih,Tamar I,Ranchi
1208,Barlanga,Tamar I,Ranchi
1209,Barnian,Tamar I,Ranchi
1210,Baru,Tamar I,Ranchi
1211,Barukande,Tamar I,Ranchi
1212,Bhuradih,Tamar I,Ranchi
1213,Bhursudih,Tamar I,Ranchi
1214,Binsaidih,Tamar I,Ranchi
1215,Birdih,Tamar I,Ranchi
1216,Birgaon,Tamar I,Ranchi
1217,Bodhdih,Tamar I,Ranchi
1218,Burudih,Tamar I,Ranchi
1219,Burudih,Tamar I,Ranchi
1220,Burudih,Tamar I,Ranchi
1221,Burudih,Tamar I,Ranchi
1222,Burudih,Tamar I,Ranchi
1223,Buruhatu,Tamar I,Ranchi
1224,Bususingu,Tamar I,Ranchi
1225,Chatamsal,Tamar I,Ranchi
1226,Chayadih,Tamar I,Ranchi
1227,Chipibandhdih,Tamar I,Ranchi
1228,Chirudih,Tamar I,Ranchi
1229,Chogadih,Tamar I,Ranchi
1230,Darida,Tamar I,Ranchi
1231,Daruara,Tamar I,Ranchi
1232,Degadari,Tamar I,Ranchi
1233,Dero,Tamar I,Ranchi
1234,Dimbudih,Tamar I,Ranchi
1235,Dimbujarda,Tamar I,Ranchi
1236,Dimra,Tamar I,Ranchi
1237,Diuri,Tamar I,Ranchi
1238,Domodih,Tamar I,Ranchi
1239,Domra,Tamar I,Ranchi
1240,Dongidih,Tamar I,Ranchi
1241,Dubla,Tamar I,Ranchi
1242,Dulmi,Tamar I,Ranchi
1243,Edeldih,Tamar I,Ranchi
1244,Gango,Tamar I,Ranchi
1245,Geredih,Tamar I,Ranchi
1246,Gondadih,Tamar I,Ranchi
1247,Gumandih,Tamar I,Ranchi
1248,Gumti,Tamar I,Ranchi
1249,Gurha,Tamar I,Ranchi
1250,Gutibaru,Tamar I,Ranchi
1251,Haradih,Tamar I,Ranchi
1252,Haranlohar,Tamar I,Ranchi
1253,Hurundih,Tamar I,Ranchi
1254,Ichadih,Tamar I,Ranchi
1255,Jahartikar,Tamar I,Ranchi
1256,Jamdih,Tamar I,Ranchi
1257,Janumpiri,Tamar I,Ranchi
1258,Japno,Tamar I,Ranchi
1259,Jaradih,Tamar I,Ranchi
1260,Jargo,Tamar I,Ranchi
1261,Jegodakai,Tamar I,Ranchi
1262,Jhargaon,Tamar I,Ranchi
1263,Jhatgaon,Tamar I,Ranchi
1264,Jiling Sereng,Tamar I,Ranchi
1265,Jogaisigu,Tamar I,Ranchi
1266,Jojodih,Tamar I,Ranchi
1267,Kadamdih,Tamar I,Ranchi
1268,Karamdiri,Tamar I,Ranchi
1269,Kheduadih Alias Dindlidih,Tamar I,Ranchi
1270,Kitadih,Tamar I,Ranchi
1271,Koijanigurha,Tamar I,Ranchi
1272,Kokadih,Tamar I,Ranchi
1273,Kokadih,Tamar I,Ranchi
1274,Kothadih,Tamar I,Ranchi
1275,Kubasal,Tamar I,Ranchi
1276,Kudda,Tamar I,Ranchi
1277,Kuehru,Tamar I,Ranchi
1278,Kundla,Tamar I,Ranchi
1279,Kurchudih,Tamar I,Ranchi
1280,Kurkutia,Tamar I,Ranchi
1281,Kutachauli,Tamar I,Ranchi
1282,Lankiya,Tamar I,Ranchi
1283,Lodhma,Tamar I,Ranchi
1284,Lohri,Tamar I,Ranchi
1285,Londra,Tamar I,Ranchi
1286,Lungtu,Tamar I,Ranchi
1287,Madhudih,Tamar I,Ranchi
1288,Majhildih,Tamar I,Ranchi
1289,Makramdih,Tamar I,Ranchi
1290,Malhan Bhuidih,Tamar I,Ranchi
1291,Mankidih,Tamar I,Ranchi
1292,Mankidih,Tamar I,Ranchi
1293,Mardhan,Tamar I,Ranchi
1294,Mithudih,Tamar I,Ranchi
1295,Murpa,Tamar I,Ranchi
1296,Nowadih,Tamar I,Ranchi
1297,Nuridih,Tamar I,Ranchi
1298,Palna,Tamar I,Ranchi
1299,Papirda,Tamar I,Ranchi
1300,Paramdih,Tamar I,Ranchi
1301,Parasi,Tamar I,Ranchi
1302,Patsahidih,Tamar I,Ranchi
1303,Peraidih,Tamar I,Ranchi
1304,Peyakuli,Tamar I,Ranchi
1305,Poradih,Tamar I,Ranchi
1306,Pundidiri,Tamar I,Ranchi
1307,Rabo,Tamar I,Ranchi
1308,Ragrabaranga,Tamar I,Ranchi
1309,Rargaon,Tamar I,Ranchi
1310,Rolabera,Tamar I,Ranchi
1311,Roladih,Tamar I,Ranchi
1312,Rugri,Tamar I,Ranchi
1313,Sarjamdih,Tamar I,Ranchi
1314,Sarjamdih,Tamar I,Ranchi
1315,Sarmali,Tamar I,Ranchi
1316,Sosodih,Tamar I,Ranchi
1317,Taladih,Tamar I,Ranchi
1318,Tamar,Tamar I,Ranchi
1319,Tamrana,Tamar I,Ranchi
1320,Tarai,Tamar I,Ranchi
1321,Timpur,Tamar I,Ranchi
1322,Toranga,Tamar I,Ranchi
1323,Udaidih,Tamar I,Ranchi
1324,Ulidih,Tamar I,Ranchi
1325,Ulilohar,Tamar I,Ranchi
1326,Ara (CT),Namkum,Ranchi
1327,Arma,Namkum,Ranchi
1328,Banda,Namkum,Ranchi
1329,Bandua,Namkum,Ranchi
1330,Baram,Namkum,Ranchi
1331,Bargarwa (CT),Namkum,Ranchi
1332,Barguttu,Namkum,Ranchi
1333,Bumru,Namkum,Ranchi
1334,Bundubera,Namkum,Ranchi
1335,Butiyo,Namkum,Ranchi
1336,Chand,Namkum,Ranchi
1337,Chandaghasi,Namkum,Ranchi
1338,Chene,Namkum,Ranchi
1339,Chitir,Namkum,Ranchi
1340,Churu,Namkum,Ranchi
1341,Darjitorar,Namkum,Ranchi
1342,Dewgain,Namkum,Ranchi
1343,Dundigarha,Namkum,Ranchi
1344,Dundu,Namkum,Ranchi
1345,Dungri,Namkum,Ranchi
1346,Ganrke,Namkum,Ranchi
1347,Garhkhatanga,Namkum,Ranchi
1348,Garsul,Namkum,Ranchi
1349,Ghuthiya,Namkum,Ranchi
1350,Gobindpur,Namkum,Ranchi
1351,Gundu,Namkum,Ranchi
1352,Guniyadih,Namkum,Ranchi
1353,Hahap,Namkum,Ranchi
1354,Hajam,Namkum,Ranchi
1355,Haratu,Namkum,Ranchi
1356,Harbul,Namkum,Ranchi
1357,Hardag,Namkum,Ranchi
1358,Harhap,Namkum,Ranchi
1359,Hatia,Namkum,Ranchi
1360,Heslatoli,Namkum,Ranchi
1361,Hethdahu,Namkum,Ranchi
1362,Hethu,Namkum,Ranchi
1363,Hoenjan,Namkum,Ranchi
1364,Huanghatu,Namkum,Ranchi
1365,Huringdag,Namkum,Ranchi
1366,Hurua,Namkum,Ranchi
1367,Huthundu,Namkum,Ranchi
1368,Ithe,Namkum,Ranchi
1369,Jamchuan,Namkum,Ranchi
1370,Jamgain,Namkum,Ranchi
1371,Jaratoli,Namkum,Ranchi
1372,Jareya,Namkum,Ranchi
1373,Jojosiring,Namkum,Ranchi
1374,Jorar(Todar),Namkum,Ranchi
1375,Jordag,Namkum,Ranchi
1376,Kachbang,Namkum,Ranchi
1377,Kakra,Namkum,Ranchi
1378,Karkata,Namkum,Ranchi
1379,Kewali,Namkum,Ranchi
1380,Kharsidag,Namkum,Ranchi
1381,Khijri,Namkum,Ranchi
1382,Kiski,Namkum,Ranchi
1383,Koenribera,Namkum,Ranchi
1384,Kolad,Namkum,Ranchi
1385,Kudagara,Namkum,Ranchi
1386,Kute Toli,Namkum,Ranchi
1387,Kutiatu,Namkum,Ranchi
1388,Lali,Namkum,Ranchi
1389,Lalkhatanga,Namkum,Ranchi
1390,Lodhma,Namkum,Ranchi
1391,Mahilong,Namkum,Ranchi
1392,Malti,Namkum,Ranchi
1393,Mangubadh,Namkum,Ranchi
1394,Mariyatu,Namkum,Ranchi
1395,Merha(Metha),Namkum,Ranchi
1396,Nachaldag,Namkum,Ranchi
1397,Nichitpur-Raydih,Namkum,Ranchi
1398,Oberiya,Namkum,Ranchi
1399,Palandu,Namkum,Ranchi
1400,Pindarkam,Namkum,Ranchi
1401,Pindarkom,Namkum,Ranchi
1402,Rampur,Namkum,Ranchi
1403,Rurungkocha,Namkum,Ranchi
1404,Saheda,Namkum,Ranchi
1405,Sahera,Namkum,Ranchi
1406,Saparom,Namkum,Ranchi
1407,Sarwal,Namkum,Ranchi
1408,Sidraul,Namkum,Ranchi
1409,Siladon,Namkum,Ranchi
1410,Silwai,Namkum,Ranchi
1411,Singarsarai,Namkum,Ranchi
1412,Siri,Namkum,Ranchi
1413,Sithia,Namkum,Ranchi
1414,Sohdag,Namkum,Ranchi
1415,Sorha(Sotha),Namkum,Ranchi
1416,Sukurhuttu,Namkum,Ranchi
1417,Tanko,Namkum,Ranchi
1418,Tati (CT),Namkum,Ranchi
1419,Tetri,Namkum,Ranchi
1420,Tumbaguttu,Namkum,Ranchi
1421,Tunju,Namkum,Ranchi
1422,Ulatu,Namkum,Ranchi
1423,Ulatu,Namkum,Ranchi
1424,Ulidih,Namkum,Ranchi
1425,Upardahu,Namkum,Ranchi
1426,Anandi,Ormanjhi,Ranchi
1427,Ara,Ormanjhi,Ranchi
1428,Baghinbanda,Ormanjhi,Ranchi
1429,Banlotwa,Ormanjhi,Ranchi
1430,Bargainbanda,Ormanjhi,Ranchi
1431,Baridihi,Ormanjhi,Ranchi
1432,Bartua,Ormanjhi,Ranchi
1433,Barwe,Ormanjhi,Ranchi
1434,Bhusur,Ormanjhi,Ranchi
1435,Bijang,Ormanjhi,Ranchi
1436,Bundu,Ormanjhi,Ranchi
1437,Chakla,Ormanjhi,Ranchi
1438,Chandra,Ormanjhi,Ranchi
1439,Chapabar(Chapawar),Ormanjhi,Ranchi
1440,Chapra Kocha,Ormanjhi,Ranchi
1441,Charo,Ormanjhi,Ranchi
1442,Chetarbari,Ormanjhi,Ranchi
1443,Chultupalu,Ormanjhi,Ranchi
1444,Dahu,Ormanjhi,Ranchi
1445,Dardag,Ormanjhi,Ranchi
1446,Datma(Utma),Ormanjhi,Ranchi
1447,Dhakjiban,Ormanjhi,Ranchi
1448,Dunde,Ormanjhi,Ranchi
1449,Dundun,Ormanjhi,Ranchi
1450,Gagari,Ormanjhi,Ranchi
1451,Ganeshpur,Ormanjhi,Ranchi
1452,Gunja,Ormanjhi,Ranchi
1453,Gurgain,Ormanjhi,Ranchi
1454,Guru,Ormanjhi,Ranchi
1455,Halbadi,Ormanjhi,Ranchi
1456,Harchanda,Ormanjhi,Ranchi
1457,Hatwal,Ormanjhi,Ranchi
1458,Hesatu,Ormanjhi,Ranchi
1459,Hethnagru,Ormanjhi,Ranchi
1460,Hindebili,Ormanjhi,Ranchi
1461,Hindebilli,Ormanjhi,Ranchi
1462,Hochai,Ormanjhi,Ranchi
1463,Hurputoli(Haruptoli),Ormanjhi,Ranchi
1464,Hutup,Ormanjhi,Ranchi
1465,Ichadag,Ormanjhi,Ranchi
1466,Irba (CT),Ormanjhi,Ranchi
1467,Jaidiha,Ormanjhi,Ranchi
1468,Jaruadihi,Ormanjhi,Ranchi
1469,Jawabera,Ormanjhi,Ranchi
1470,Jhiri,Ormanjhi,Ranchi
1471,Jidu,Ormanjhi,Ranchi
1472,Jirabar (Jirawar),Ormanjhi,Ranchi
1473,Kamta,Ormanjhi,Ranchi
1474,Karma,Ormanjhi,Ranchi
1475,Keram,Ormanjhi,Ranchi
1476,Kesharbera,Ormanjhi,Ranchi
1477,Khatanga,Ormanjhi,Ranchi
1478,Khudiya,Ormanjhi,Ranchi
1479,Koalu (Qalu),Ormanjhi,Ranchi
1480,Koilari,Ormanjhi,Ranchi
1481,Kuchu,Ormanjhi,Ranchi
1482,Kukui,Ormanjhi,Ranchi
1483,Kulhi,Ormanjhi,Ranchi
1484,Kurum,Ormanjhi,Ranchi
1485,Kute,Ormanjhi,Ranchi
1486,Lotwa,Ormanjhi,Ranchi
1487,Lupunga,Ormanjhi,Ranchi
1488,Madkama(Madhukama),Ormanjhi,Ranchi
1489,Manatu,Ormanjhi,Ranchi
1490,Mandro(Mandroh),Ormanjhi,Ranchi
1491,Matatu (Manatu),Ormanjhi,Ranchi
1492,Mayapur,Ormanjhi,Ranchi
1493,Muta,Ormanjhi,Ranchi
1494,Ormanjhi,Ormanjhi,Ranchi
1495,Palu,Ormanjhi,Ranchi
1496,Pancha,Ormanjhi,Ranchi
1497,Parsa Toli,Ormanjhi,Ranchi
1498,Piparbanda,Ormanjhi,Ranchi
1499,Piska,Ormanjhi,Ranchi
1500,Pundag,Ormanjhi,Ranchi
1501,Rola,Ormanjhi,Ranchi
1502,Rukka,Ormanjhi,Ranchi
1503,Sadma,Ormanjhi,Ranchi
1504,Saher,Ormanjhi,Ranchi
1505,Sanri,Ormanjhi,Ranchi
1506,Santi,Ormanjhi,Ranchi
1507,Sawaiya,Ormanjhi,Ranchi
1508,Sidarmuta,Ormanjhi,Ranchi
1509,Sildiri,Ormanjhi,Ranchi
1510,Tapa,Ormanjhi,Ranchi
1511,Tirla,Ormanjhi,Ranchi
1512,Tirla,Ormanjhi,Ranchi
1513,Tunahuli,Ormanjhi,Ranchi
1514,Ukrid,Ormanjhi,Ranchi
1515,Ulatu,Ormanjhi,Ranchi
1516,Uparnagru,Ormanjhi,Ranchi
1517,Ambajhariya,Rahe,Ranchi
1518,Badalu,Rahe,Ranchi
1519,Bansiya,Rahe,Ranchi
1520,Barwadih,Rahe,Ranchi
1521,Basahatu,Rahe,Ranchi
1522,Basantpur,Rahe,Ranchi
1523,Bela,Rahe,Ranchi
1524,Bundiaru,Rahe,Ranchi
1525,Burhadih,Rahe,Ranchi
1526,Burudih,Rahe,Ranchi
1527,Chainpur,Rahe,Ranchi
1528,Chirudih,Rahe,Ranchi
1529,Chirudih,Rahe,Ranchi
1530,Dakad,Rahe,Ranchi
1531,Dhanamunji,Rahe,Ranchi
1532,Domandih,Rahe,Ranchi
1533,Dulmi,Rahe,Ranchi
1534,Eresereng,Rahe,Ranchi
1535,Ghaghradih,Rahe,Ranchi
1536,Goali,Rahe,Ranchi
1537,Gomda,Rahe,Ranchi
1538,Guchidih,Rahe,Ranchi
1539,Hatlo,Rahe,Ranchi
1540,Ichahatu,Rahe,Ranchi
1541,Kankata,Rahe,Ranchi
1542,Kateadih,Rahe,Ranchi
1543,Khatanga,Rahe,Ranchi
1544,Kochetola,Rahe,Ranchi
1545,Kokrodih,Rahe,Ranchi
1546,Kolma,Rahe,Ranchi
1547,Kombo,Rahe,Ranchi
1548,Kontatola,Rahe,Ranchi
1549,Kotangdag,Rahe,Ranchi
1550,Kubadih,Rahe,Ranchi
1551,Ladhup,Rahe,Ranchi
1552,Loahatu,Rahe,Ranchi
1553,Maheshpur,Rahe,Ranchi
1554,Nawadih,Rahe,Ranchi
1555,Nawadih,Rahe,Ranchi
1556,Nichintpur,Rahe,Ranchi
1557,Nuru,Rahe,Ranchi
1558,Panchu,Rahe,Ranchi
1559,Paramdih,Rahe,Ranchi
1560,Phulwar Baherabera,Rahe,Ranchi
1561,Pogra,Rahe,Ranchi
1562,Purnadih,Rahe,Ranchi
1563,Purnanagar,Rahe,Ranchi
1564,Rahe,Rahe,Ranchi
1565,Ramdera,Rahe,Ranchi
1566,Rangamati,Rahe,Ranchi
1567,Sataki,Rahe,Ranchi
1568,Serengdih,Rahe,Ranchi
1569,Siridih,Rahe,Ranchi
1570,Soso,Rahe,Ranchi
1571,Suarmara,Rahe,Ranchi
1572,Thungrudih,Rahe,Ranchi
1573,Tilmisiring,Rahe,Ranchi
1574,Torang,Rahe,Ranchi
1575,Uraondih,Rahe,Ranchi
1576,Agru,Ratu,Ranchi
1577,Bajpur,Ratu,Ranchi
1578,Banapiri,Ratu,Ranchi
1579,Belangi,Ratu,Ranchi
1580,Bhonra,Ratu,Ranchi
1581,Bijuliya,Ratu,Ranchi
1582,Burju,Ratu,Ranchi
1583,Chauli,Ratu,Ranchi
1584,Chitarkota,Ratu,Ranchi
1585,Ekaguri,Ratu,Ranchi
1586,Garri,Ratu,Ranchi
1587,Guru,Ratu,Ranchi
1588,Gutuatoli,Ratu,Ranchi
1589,Hehal,Ratu,Ranchi
1590,Hetha,Ratu,Ranchi
1591,Hisri,Ratu,Ranchi
1592,Hochar,Ratu,Ranchi
1593,Hurhuri,Ratu,Ranchi
1594,Jari,Ratu,Ranchi
1595,Kanauj,Ratu,Ranchi
1596,Kantu,Ratu,Ranchi
1597,Kokretanr,Ratu,Ranchi
1598,Lahna,Ratu,Ranchi
1599,Makhmandro,Ratu,Ranchi
1600,Malmanru,Ratu,Ranchi
1601,Mariatu,Ratu,Ranchi
1602,Murchu,Ratu,Ranchi
1603,Murgu,Ratu,Ranchi
1604,Pali,Ratu,Ranchi
1605,Pandra,Ratu,Ranchi
1606,Parhepat,Ratu,Ranchi
1607,Patratoli,Ratu,Ranchi
1608,Pheta,Ratu,Ranchi
1609,Piriyo,Ratu,Ranchi
1610,Ratu (CT),Ratu,Ranchi
1611,Tarup,Ratu,Ranchi
1612,Tigra,Ratu,Ranchi
1613,Usamatu,Ratu,Ranchi
1614,Ajaigarh,Silli,Ranchi
1615,Aral,Silli,Ranchi
1616,Bamhandih,Silli,Ranchi
1617,Bamhni(Bhabhani),Silli,Ranchi
1618,Bansarori,Silli,Ranchi
1619,Bantahajam,Silli,Ranchi
1620,Banuadih,Silli,Ranchi
1621,Barachangru,Silli,Ranchi
1622,Barkitanr,Silli,Ranchi
1623,Barnatanr,Silli,Ranchi
1624,Bhuli,Silli,Ranchi
1625,Biseriya,Silli,Ranchi
1626,Burhabahera,Silli,Ranchi
1627,Chatambari,Silli,Ranchi
1628,Chokesiring,Silli,Ranchi
1629,Chordera,Silli,Ranchi
1630,Chottachangru,Silli,Ranchi
1631,Dharampur,Silli,Ranchi
1632,Dhautikra,Silli,Ranchi
1633,Domandih,Silli,Ranchi
1634,Dowaru,Silli,Ranchi
1635,Dumarbera,Silli,Ranchi
1636,Gajha,Silli,Ranchi
1637,Gargaon,Silli,Ranchi
1638,Garihalmad,Silli,Ranchi
1639,Gerebir,Silli,Ranchi
1640,Ghaghra,Silli,Ranchi
1641,Goradih,Silli,Ranchi
1642,Gorha,Silli,Ranchi
1643,Hahelupung,Silli,Ranchi
1644,Hakedag,Silli,Ranchi
1645,Halmad,Silli,Ranchi
1646,Haridih,Silli,Ranchi
1647,Harwadih,Silli,Ranchi
1648,Hesadih,Silli,Ranchi
1649,Holong,Silli,Ranchi
1650,Ichag(Ichague),Silli,Ranchi
1651,Itihasa,Silli,Ranchi
1652,Jabla,Silli,Ranchi
1653,Jaluhutang,Silli,Ranchi
1654,Jaradih,Silli,Ranchi
1655,Jaru,Silli,Ranchi
1656,Jatra,Silli,Ranchi
1657,Jhabri(Ghabari),Silli,Ranchi
1658,Jumla,Silli,Ranchi
1659,Kachojara,Silli,Ranchi
1660,Kareyadih,Silli,Ranchi
1661,Karma,Silli,Ranchi
1662,Khalari,Silli,Ranchi
1663,Khapchabera,Silli,Ranchi
1664,Kita,Silli,Ranchi
1665,Kocho(Koncho),Silli,Ranchi
1666,Kolam,Silli,Ranchi
1667,Kuchu(Kutchu),Silli,Ranchi
1668,Kulsud,Silli,Ranchi
1669,Kushumtikra,Silli,Ranchi
1670,Kutru,Silli,Ranchi
1671,Lagam,Silli,Ranchi
1672,Lawadag,Silli,Ranchi
1673,Lawapiri,Silli,Ranchi
1674,Lenghatu,Silli,Ranchi
1675,Losera,Silli,Ranchi
1676,Lota,Silli,Ranchi
1677,Lowadag,Silli,Ranchi
1678,Ludmu,Silli,Ranchi
1679,Lupung,Silli,Ranchi
1680,Madni,Silli,Ranchi
1681,Maisudih,Silli,Ranchi
1682,Mardu,Silli,Ranchi
1683,Mijra,Silli,Ranchi
1684,Misirhutang,Silli,Ranchi
1685,Murhu,Silli,Ranchi
1686,Muri (CT),Silli,Ranchi
1687,Nagedih,Silli,Ranchi
1688,Nawadih,Silli,Ranchi
1689,Nawadih,Silli,Ranchi
1690,Nayakjabla,Silli,Ranchi
1691,Nimua,Silli,Ranchi
1692,Patka(Petka),Silli,Ranchi
1693,Patrahatu(Patrahattu),Silli,Ranchi
1694,Pipardag,Silli,Ranchi
1695,Piska,Silli,Ranchi
1696,Pundag,Silli,Ranchi
1697,Rampur,Silli,Ranchi
1698,Rangamati,Silli,Ranchi
1699,Rohardag,Silli,Ranchi
1700,Saheda,Silli,Ranchi
1701,Sarjamdih,Silli,Ranchi
1702,Shyamnagar,Silli,Ranchi
1703,Silli,Silli,Ranchi
1704,Sillidih,Silli,Ranchi
1705,Singhpur,Silli,Ranchi
1706,Sulumjuri,Silli,Ranchi
1707,Sundil,Silli,Ranchi
1708,Tetibauda,Silli,Ranchi
1709,Tunku,Silli,Ranchi
1710,Tutki,Silli,Ranchi
1711,Baluadih,Sonahatu,Ranchi
1712,Banku,Sonahatu,Ranchi
1713,Baredih,Sonahatu,Ranchi
1714,Barenda,Sonahatu,Ranchi
1715,Baruhatu,Sonahatu,Ranchi
1716,Birdidih,Sonahatu,Ranchi
1717,Birgamdih,Sonahatu,Ranchi
1718,Bongadar,Sonahatu,Ranchi
1719,Buruhatu Sundrup,Sonahatu,Ranchi
1720,Choga,Sonahatu,Ranchi
1721,Chokahatu,Sonahatu,Ranchi
1722,Churkudih,Sonahatu,Ranchi
1723,Dibadih,Sonahatu,Ranchi
1724,Dirsir,Sonahatu,Ranchi
1725,Domadih,Sonahatu,Ranchi
1726,Dulmi,Sonahatu,Ranchi
1727,Erramhatu,Sonahatu,Ranchi
1728,Galau,Sonahatu,Ranchi
1729,Garadih,Sonahatu,Ranchi
1730,Gomeadih,Sonahatu,Ranchi
1731,Harin,Sonahatu,Ranchi
1732,Hesadih,Sonahatu,Ranchi
1733,Hesahatu,Sonahatu,Ranchi
1734,Irku,Sonahatu,Ranchi
1735,Jahirdih,Sonahatu,Ranchi
1736,Jamudag,Sonahatu,Ranchi
1737,Jilingsereng,Sonahatu,Ranchi
1738,Jintu,Sonahatu,Ranchi
1739,Jintudih,Sonahatu,Ranchi
1740,Jurunga,Sonahatu,Ranchi
1741,Konda,Sonahatu,Ranchi
1742,Konkadih,Sonahatu,Ranchi
1743,Kotab,Sonahatu,Ranchi
1744,Kudadih,Sonahatu,Ranchi
1745,Kuriamu,Sonahatu,Ranchi
1746,Landupdeh,Sonahatu,Ranchi
1747,Loadih,Sonahatu,Ranchi
1748,Magandih,Sonahatu,Ranchi
1749,Mahil,Sonahatu,Ranchi
1750,Mahuldih,Sonahatu,Ranchi
1751,Mankidih,Sonahatu,Ranchi
1752,Marangikir,Sonahatu,Ranchi
1753,Marchadih,Sonahatu,Ranchi
1754,Nakidih,Sonahatu,Ranchi
1755,Napra,Sonahatu,Ranchi
1756,Nimdih,Sonahatu,Ranchi
1757,Pandadih,Sonahatu,Ranchi
1758,Paramjarea,Sonahatu,Ranchi
1759,Parariadih,Sonahatu,Ranchi
1760,Poadiri,Sonahatu,Ranchi
1761,Poring Chauli,Sonahatu,Ranchi
1762,Rangadih,Sonahatu,Ranchi
1763,Rugri,Sonahatu,Ranchi
1764,Saelband,Sonahatu,Ranchi
1765,Salsud,Sonahatu,Ranchi
1766,Saread,Sonahatu,Ranchi
1767,Sarmali,Sonahatu,Ranchi
1768,Serenghatu,Sonahatu,Ranchi
1769,Sigid,Sonahatu,Ranchi
1770,Somadih,Sonahatu,Ranchi
1771,Sonahatu,Sonahatu,Ranchi
1772,Tetla,Sonahatu,Ranchi
1773,Tetwadih,Sonahatu,Ranchi
1774,Ulidih,Sonahatu,Ranchi
1775,Achudih,Tamar I,Ranchi
1776,Agra,Tamar I,Ranchi
1777,Amhesa,Tamar I,Ranchi
1778,Arahanga,Tamar I,Ranchi
1779,Babaikundi,Tamar I,Ranchi
1780,Baburamdih,Tamar I,Ranchi
1781,Badla,Tamar I,Ranchi
1782,Bagaldih,Tamar I,Ranchi
1783,Baghai,Tamar I,Ranchi
1784,Banki,Tamar I,Ranchi
1785,Baredih,Tamar I,Ranchi
1786,Barlanga,Tamar I,Ranchi
1787,Barnian,Tamar I,Ranchi
1788,Baru,Tamar I,Ranchi
1789,Barukande,Tamar I,Ranchi
1790,Bhuradih,Tamar I,Ranchi
1791,Bhursudih,Tamar I,Ranchi
1792,Binsaidih,Tamar I,Ranchi
1793,Birdih,Tamar I,Ranchi
1794,Birgaon,Tamar I,Ranchi
1795,Bodhdih,Tamar I,Ranchi
1796,Burudih,Tamar I,Ranchi
1797,Burudih,Tamar I,Ranchi
1798,Burudih,Tamar I,Ranchi
1799,Burudih,Tamar I,Ranchi
1800,Burudih,Tamar I,Ranchi
1801,Buruhatu,Tamar I,Ranchi
1802,Bususingu,Tamar I,Ranchi
1803,Chatamsal,Tamar I,Ranchi
1804,Chayadih,Tamar I,Ranchi
1805,Chipibandhdih,Tamar I,Ranchi
1806,Chirudih,Tamar I,Ranchi
1807,Chogadih,Tamar I,Ranchi
1808,Darida,Tamar I,Ranchi
1809,Daruara,Tamar I,Ranchi
1810,Degadari,Tamar I,Ranchi
1811,Dero,Tamar I,Ranchi
1812,Dimbudih,Tamar I,Ranchi
1813,Dimbujarda,Tamar I,Ranchi
1814,Dimra,Tamar I,Ranchi
1815,Diuri,Tamar I,Ranchi
1816,Domodih,Tamar I,Ranchi
1817,Domra,Tamar I,Ranchi
1818,Dongidih,Tamar I,Ranchi
1819,Dubla,Tamar I,Ranchi
1820,Dulmi,Tamar I,Ranchi
1821,Edeldih,Tamar I,Ranchi
1822,Gango,Tamar I,Ranchi
1823,Geredih,Tamar I,Ranchi
1824,Gondadih,Tamar I,Ranchi
1825,Gumandih,Tamar I,Ranchi
1826,Gumti,Tamar I,Ranchi
1827,Gurha,Tamar I,Ranchi
1828,Gutibaru,Tamar I,Ranchi
1829,Haradih,Tamar I,Ranchi
1830,Haranlohar,Tamar I,Ranchi
1831,Hurundih,Tamar I,Ranchi
1832,Ichadih,Tamar I,Ranchi
1833,Jahartikar,Tamar I,Ranchi
1834,Jamdih,Tamar I,Ranchi
1835,Janumpiri,Tamar I,Ranchi
1836,Japno,Tamar I,Ranchi
1837,Jaradih,Tamar I,Ranchi
1838,Jargo,Tamar I,Ranchi
1839,Jegodakai,Tamar I,Ranchi
1840,Jhargaon,Tamar I,Ranchi
1841,Jhatgaon,Tamar I,Ranchi
1842,Jiling Sereng,Tamar I,Ranchi
1843,Jogaisigu,Tamar I,Ranchi
1844,Jojodih,Tamar I,Ranchi
1845,Kadamdih,Tamar I,Ranchi
1846,Karamdiri,Tamar I,Ranchi
1847,Kheduadih Alias Dindlidih,Tamar I,Ranchi
1848,Kitadih,Tamar I,Ranchi
1849,Koijanigurha,Tamar I,Ranchi
1850,Kokadih,Tamar I,Ranchi
1851,Kokadih,Tamar I,Ranchi
1852,Kothadih,Tamar I,Ranchi
1853,Kubasal,Tamar I,Ranchi
1854,Kudda,Tamar I,Ranchi
1855,Kuehru,Tamar I,Ranchi
1856,Kundla,Tamar I,Ranchi
1857,Kurchudih,Tamar I,Ranchi
1858,Kurkutia,Tamar I,Ranchi
1859,Kutachauli,Tamar I,Ranchi
1860,Lankiya,Tamar I,Ranchi
1861,Lodhma,Tamar I,Ranchi
1862,Lohri,Tamar I,Ranchi
1863,Londra,Tamar I,Ranchi
1864,Lungtu,Tamar I,Ranchi
1865,Madhudih,Tamar I,Ranchi
1866,Majhildih,Tamar I,Ranchi
1867,Makramdih,Tamar I,Ranchi
1868,Malhan Bhuidih,Tamar I,Ranchi
1869,Mankidih,Tamar I,Ranchi
1870,Mankidih,Tamar I,Ranchi
1871,Mardhan,Tamar I,Ranchi
1872,Mithudih,Tamar I,Ranchi
1873,Murpa,Tamar I,Ranchi
1874,Nowadih,Tamar I,Ranchi
1875,Nuridih,Tamar I,Ranchi
1876,Palna,Tamar I,Ranchi
1877,Papirda,Tamar I,Ranchi
1878,Paramdih,Tamar I,Ranchi
1879,Parasi,Tamar I,Ranchi
1880,Patsahidih,Tamar I,Ranchi
1881,Peraidih,Tamar I,Ranchi
1882,Peyakuli,Tamar I,Ranchi
1883,Poradih,Tamar I,Ranchi
1884,Pundidiri,Tamar I,Ranchi
1885,Rabo,Tamar I,Ranchi
1886,Ragrabaranga,Tamar I,Ranchi
1887,Rargaon,Tamar I,Ranchi
1888,Rolabera,Tamar I,Ranchi
1889,Roladih,Tamar I,Ranchi
1890,Rugri,Tamar I,Ranchi
1891,Sarjamdih,Tamar I,Ranchi
1892,Sarjamdih,Tamar I,Ranchi
1893,Sarmali,Tamar I,Ranchi
1894,Sosodih,Tamar I,Ranchi
1895,Taladih,Tamar I,Ranchi
1896,Tamar,Tamar I,Ranchi
1897,Tamrana,Tamar I,Ranchi
1898,Tarai,Tamar I,Ranchi
1899,Timpur,Tamar I,Ranchi
1900,Toranga,Tamar I,Ranchi
1901,Udaidih,Tamar I,Ranchi
1902,Ulidih,Tamar I,Ranchi
1903,Ulilohar,Tamar I,Ranchi
